"#",In cue,Out cue,Duration,Speaker,Language,Dialogue,Annotations,Error Type,Segment_1,selectable,Segment,pronoun,ppron,i,we,you,shehe,they,ipron,cogproc,insight,cause,discrep,tentat,certitude,differ,time,focuspast,focuspresent,focusfuture
1,00:00:01:10,00:00:05:25,00:00:04:15,Teacher,English,"Wrap the sheet of paper you got, from [crosstalk]",,,a,,1,11.11,11.11,0,0,11.11,0,0,0,0,0,0,0,0,0,0,0,0,0,0
2,00:00:06:27,00:00:12:21,00:00:05:54,Student 2,English,Grab this and... Okay. Is the...,,,a,,1,16.67,0,0,0,0,0,0,16.67,0,0,0,0,0,0,0,0,0,16.67,0
3,00:00:12:23,00:00:12:43,00:00:00:20,Student 3,English,Are these different?,,,a,,1,33.33,0,0,0,0,0,0,33.33,33.33,0,0,0,0,0,33.33,0,0,33.33,0
4,00:00:12:45,00:00:17:39,00:00:04:54,Teacher,English,And can we write our name over where it says activity one.,,,a,,1,25,16.67,0,16.67,0,0,0,8.33,8.33,0,0,8.33,0,0,0,0,0,16.67,0
5,00:00:18:33,00:00:28:57,00:00:10:24,Student 2,English,"There, right there. Alright, after write the number of units squares, you'll take the cover [unintelligible]'s circle shown below. Include your own estimate...",,,a,,1,8.33,8.33,0,0,8.33,0,0,0,4.17,0,0,0,4.17,0,0,4.17,0,0,4.17
6,00:00:28:59,00:01:33:49,00:01:04:50,Teacher,English,"Thank you. So, your name is over where it says activity one, please. Raise your hand if you still not received one. There, great. So, read the instructions to yourselves, silently, for activity one. Activity one. So, you look for the side that says activity one. And give me a thumbs up once you've got that. [unintelligible], we're ready. [unintelligible]'s ready. [unintelligible], are you finished reading it? Activity one. [unintelligible] Okay, [Jackie], could you read it out loud for everybody, now that we've all had a chance to look at it ourselves?",,,a,,1,22.58,13.98,1.08,3.23,9.68,0,0,8.6,4.3,0,0,1.08,2.15,0,2.15,5.38,4.3,7.53,0
7,00:01:34:53,00:01:54:03,00:00:19:10,Student 1,English,"Estimate the number of unit squares it would take to cover [unintelligible]'s circle. Show the number. Record your own estimate and strategy. Then, find a person who got a different estimate, or used a different strategy, and report where [unintelligible].",,,a,,1,7.32,4.88,0,0,2.44,0,0,2.44,21.95,2.44,2.44,2.44,9.76,0,7.32,2.44,2.44,0,0
8,00:01:54:05,00:02:02:45,00:00:08:36,Teacher,English,Great so let's make sense of what it means by unit squares. Raise your hand if you can describe what unit squares might mean. [Student 2]?,,,a,,1,23.08,11.54,0,3.85,7.69,0,0,11.54,26.92,11.54,3.85,3.85,7.69,0,3.85,0,0,11.54,3.85
9,00:02:02:47,00:02:05:52,00:00:03:05,Student 2,English,Like the squares in the picture?,,,a,,1,0,0,0,0,0,0,0,0,0,0,0,0,0,0,0,0,0,0,0
10,00:02:05:54,00:02:20:03,00:00:14:09,Teacher,English,"The squares in the picture, excellent. So, what are we estimating? If we're estimating the number of unit squares it would take to cover the circle, what are we estimating? [Student 3].",,,a,,1,18.75,9.38,0,9.38,0,0,0,9.38,15.63,0,0,3.13,12.5,0,3.13,0,0,9.38,0
11,00:02:20:05,00:02:20:49,00:00:00:44,Student 2,English,Area?,,,a,,1,0,0,0,0,0,0,0,0,0,0,0,0,0,0,0,0,0,0,0
12,00:02:20:51,00:02:41:26,00:00:20:35,Teacher,English,"Area, right? And so you are going to figure out a strategy for deciding how big that circle is, how much space that circle takes up. Let's do two minutes silent, work on a strategy, and then I'll give you guys a chance to talk with a neighbor, ready? Two silent minutes, let's see what you guys come up with.",,,a,,1,15,10,1.67,3.33,5,0,0,5,10,8.33,3.33,0,1.67,0,0,6.67,0,10,5
13,00:02:48:51,00:02:50:50,00:00:01:59,Student 1,English,"Wait, Pi is 3 point what what what?",,,a,,1,37.5,0,0,0,0,0,0,37.5,0,0,0,0,0,0,0,12.5,0,12.5,0
14,00:02:50:52,00:02:56:17,00:00:05:25,Teacher,English,"Only two minutes, it's okay if you don't finish. You're just working out on a strategy that might help you out.",,,a,,1,23.81,14.29,0,0,14.29,0,0,9.52,9.52,0,0,0,9.52,0,4.76,9.52,0,14.29,4.76
15,00:03:00:20,00:03:01:05,00:00:00:45,Student 1,English,Alright.,,,a,,1,0,0,0,0,0,0,0,0,0,0,0,0,0,0,0,0,0,0,0
16,00:03:02:13,00:03:13:08,00:00:10:55,Student 3,English,What's wrong with your water? What happened?,,,a,,1,42.86,14.29,0,0,14.29,0,0,28.57,0,0,0,0,0,0,0,0,14.29,14.29,0
17,00:03:13:10,00:03:14:26,00:00:01:16,Student 2,English,I don't know.,,,a,,1,33.33,33.33,33.33,0,0,0,0,0,33.33,33.33,0,0,0,0,0,0,0,33.33,0
18,00:03:17:12,00:03:18:46,00:00:01:34,Student 1,English,My strategy...,,,a,,1,50,50,50,0,0,0,0,0,0,0,0,0,0,0,0,0,0,0,0
19,00:03:31:51,00:03:33:24,00:00:01:33,Student 3,English,Alright. Um...,,,a,,1,0,0,0,0,0,0,0,0,0,0,0,0,0,0,0,0,0,0,0
20,00:03:42:02,00:03:55:24,00:00:13:22,Teacher,English,"I'm actually going to change it up a little bit. I'd like you to talk to a partner and say ""I think first we could,"" and then see if you can together come up with a more efficient strategy. So, why don't you share with a shoulder partner what you think you should do, and then [unintelligible] to come with a better or more efficient way of doing it.",,,a,,1,17.39,13.04,4.35,1.45,7.25,0,0,4.35,17.39,2.9,2.9,7.25,2.9,1.45,2.9,4.35,0,4.35,2.9
21,00:03:55:26,00:03:58:14,00:00:02:48,Student 2,English,"We'll just share around, since there's three instead of four.",,,a,yes,1,10,10,0,10,0,0,0,0,20,0,10,0,0,0,10,10,0,10,10
22,00:03:59:07,00:04:00:05,00:00:00:54,Student 3,English,Who wants to share first?,,,a,yes,1,20,20,0,0,0,0,0,0,20,0,0,20,0,0,0,0,0,20,20
23,00:04:00:07,00:04:01:05,00:00:00:58,Student 2,English,"Okay, I'll go first.",,,a,yes,1,25,25,25,0,0,0,0,0,0,0,0,0,0,0,0,0,0,0,25
24,00:04:01:07,00:04:01:29,00:00:00:22,Student 3,English,Okay.,,,a,yes,1,0,0,0,0,0,0,0,0,0,0,0,0,0,0,0,0,0,0,0
25,00:04:01:31,00:04:14:20,00:00:12:49,Student 2,English,"Let's see. My estimate is 34 square units. My strategy was I counted the amount of full squares in the circle, not counting like the outside ring that wasn't like whole squares, more like half squares.",,,a,yes,1,13.89,11.11,8.33,2.78,0,0,0,2.78,8.33,0,0,0,2.78,0,5.56,0,8.33,5.56,0
26,00:04:16:11,00:04:22:26,00:00:06:15,Student 1,English,"I think you... I got 24. So, I don't know how I got 24.",,,a,yes,1,35.71,35.71,28.57,0,7.14,0,0,0,21.43,21.43,7.14,0,0,0,0,0,0,7.14,0
27,00:04:22:28,00:04:24:10,00:00:01:42,Student 3,English,I got 64.,,,a,yes,1,33.33,33.33,33.33,0,0,0,0,0,0,0,0,0,0,0,0,0,0,0,0
28,00:04:24:12,00:04:26:20,00:00:02:08,Student 1,English,"So, we all got something with 4.",,,a,yes,1,28.57,14.29,0,14.29,0,0,0,14.29,14.29,0,0,0,14.29,0,0,0,0,0,0
29,00:04:26:22,00:04:28:39,00:00:02:17,Student 2,English,Well. How did you get 64?,,,a,yes,1,16.67,16.67,0,0,16.67,0,0,0,16.67,16.67,16.67,0,0,0,0,0,16.67,0,0
30,00:04:29:20,00:04:36:33,00:00:07:13,Student 3,English,"Since we're counting area, I just did eight down and then going down and then diagonal.",,,a,yes,1,12.5,12.5,6.25,6.25,0,0,0,0,6.25,0,6.25,0,0,0,0,18.75,6.25,6.25,6.25
31,00:04:36:35,00:04:40:21,00:00:03:46,Student 2,English,"That wouldn't be completely accurate, since part of it is like half squares.",,,a,yes,1,15.38,0,0,0,0,0,0,15.38,30.77,0,7.69,7.69,0,7.69,7.69,7.69,0,7.69,0
32,00:04:40:23,00:04:41:18,00:00:00:55,Student 3,English,Mm-hmm.,,,a,yes,1,0,0,0,0,0,0,0,0,0,0,0,0,0,0,0,0,0,0,0
33,00:04:41:59,00:04:44:46,00:00:02:47,Student 1,English,"But then, I mean, what's Pi again? Pi is like 3...",,,a,yes,1,18.18,9.09,9.09,0,0,0,0,9.09,18.18,9.09,0,0,0,0,9.09,18.18,0,18.18,0
34,00:04:44:48,00:04:46:20,00:00:01:32,Student 3 and Student 2,English,3.14.,,,a,,1,0,0,0,0,0,0,0,0,0,0,0,0,0,0,0,0,0,0,0
35,00:04:47:04,00:04:49:26,00:00:02:22,Student 2,English,Which is the first three digits but it's infinite.,,,a,yes,1,22.22,0,0,0,0,0,0,22.22,22.22,0,0,0,0,0,22.22,0,0,22.22,0
36,00:04:49:28,00:04:58:49,00:00:09:21,Student 1,English,"So, then I counted the diameter. I counted across, and then I multiplied that by three. It was eight, and then I multiplied it by three.",,,a,yes,1,26.92,15.38,15.38,0,0,0,0,11.54,0,0,0,0,0,0,0,11.54,11.54,0,0
37,00:04:59:23,00:05:01:44,00:00:02:17,Student 3,English,"It was eight, so...",,,a,yes,1,25,0,0,0,0,0,0,25,0,0,0,0,0,0,0,0,25,0,0
38,00:05:01:46,00:05:02:51,00:00:01:05,Student 1,English,Let's see who's closest [crosstalk],,,a,yes,1,40,40,0,20,0,0,0,0,0,0,0,0,0,0,0,0,0,40,0
39,00:05:02:53,00:05:05:03,00:00:02:10,Student 2,English,Eight times Pi...,,,a,yes,1,0,0,0,0,0,0,0,0,0,0,0,0,0,0,0,33.33,0,0,0
40,00:05:05:05,00:05:06:13,00:00:01:08,Student 3 and Student 2,English,Equals.,,,a,,1,0,0,0,0,0,0,0,0,100,0,0,0,0,0,100,0,0,0,0
41,00:05:06:15,00:05:08:51,00:00:02:36,Student 2,English,...25.132.,,,a,yes,1,0,0,0,0,0,0,0,0,0,0,0,0,0,0,0,0,0,0,0
42,00:05:08:53,00:05:12:02,00:00:03:09,Student 3,English,That's probably [unintelligible] [crosstalk],,,a,yes,1,25,0,0,0,0,0,0,25,25,0,0,0,25,0,0,0,0,25,0
43,00:05:13:20,00:05:14:13,00:00:00:53,Student 1,English,Square.,,,a,yes,1,0,0,0,0,0,0,0,0,0,0,0,0,0,0,0,0,0,0,0
44,00:05:14:15,00:05:17:19,00:00:03:04,Student 2,English,"Partners estimate. We'll just, like, Student 3, you write down my estimation.",,,a,yes,1,25,25,8.33,8.33,8.33,0,0,0,16.67,0,0,0,16.67,0,0,0,0,0,8.33
45,00:05:17:21,00:05:18:17,00:00:00:56,Student 1,English,"Wait, no. You got...",,,a,yes,1,25,25,0,0,25,0,0,0,0,0,0,0,0,0,0,25,0,0,0
46,00:05:18:19,00:05:19:28,00:00:01:09,Student 3,English,You got 34.,,,a,yes,1,33.33,33.33,0,0,33.33,0,0,0,0,0,0,0,0,0,0,0,0,0,0
47,00:05:20:00,00:05:20:32,00:00:00:32,Student 2,English,Yeah.,,,a,yes,1,0,0,0,0,0,0,0,0,0,0,0,0,0,0,0,0,0,0,0
48,00:05:20:34,00:05:24:11,00:00:03:37,Student 1,English,"You got thirty-four. Wait, I'm writing down your estimate?",,,a,yes,1,33.33,33.33,11.11,0,22.22,0,0,0,11.11,0,0,0,11.11,0,0,11.11,0,11.11,0
49,00:05:24:13,00:05:25:23,00:00:01:10,Student 2,English,"No, you're writing down my estimate.",,,a,yes,1,33.33,33.33,16.67,0,16.67,0,0,0,16.67,0,0,0,16.67,0,0,0,0,16.67,0
50,00:05:25:25,00:05:26:13,00:00:00:48,Student 1,English,"Mine, okay, 34.",,,a,yes,1,33.33,33.33,33.33,0,0,0,0,0,0,0,0,0,0,0,0,0,0,0,0
51,00:05:26:15,00:05:31:42,00:00:05:27,Student 3,English,"Mine. So, you're writing down mine, and I'm writing down yours.",,,a,yes,1,45.45,45.45,27.27,0,18.18,0,0,0,0,0,0,0,0,0,0,0,0,18.18,0
52,00:05:31:44,00:05:33:08,00:00:01:24,Student 1,English,Four units.,,,a,yes,1,0,0,0,0,0,0,0,0,0,0,0,0,0,0,0,0,0,0,0
53,00:05:33:10,00:05:40:04,00:00:06:54,Student 3,English,"Who's writing? You're writing down [Student 1]'s. Wait no. [Student 2] is writing down mine, but [Student 2] is writing [Student 1]'s.",,,a,yes,1,12.5,12.5,4.17,0,4.17,0,0,0,4.17,0,0,0,0,0,4.17,4.17,0,16.67,0
54,00:05:40:06,00:05:44:20,00:00:04:14,Student 2,English,"You're supposed to write [Student 1]'s, and [Student 1] is supposed to write mine.",,,a,yes,1,13.33,13.33,6.67,0,6.67,0,0,0,26.67,0,0,26.67,0,0,0,0,0,13.33,26.67
55,00:05:44:22,00:06:03:25,00:00:18:59,Teacher,English,"Alright, let me give you guys some work time. Get your best, most accurate statement, and then I'm gonna send you to a different table to get someone else's strategy. So, you write strategies at your table, you figure it out for yourself, and then I'll send you somewhere else, to go get some ideas. Let's go.",,,a,,1,22.81,21.05,5.26,1.75,14.04,0,0,1.75,14.04,7.02,0,0,3.51,0,3.51,5.26,0,5.26,3.51
56,00:06:06:08,00:06:07:15,00:00:01:07,Student 1,English,Let me see the calculator.,,,a,yes,1,20,20,20,0,0,0,0,0,0,0,0,0,0,0,0,0,0,0,0
57,00:06:07:57,00:06:09:28,00:00:01:31,Student 2,English,"[Student 1], what was you estimate?",,,a,yes,1,33.33,16.67,0,0,16.67,0,0,16.67,16.67,0,0,0,16.67,0,0,0,16.67,0,0
58,00:06:09:30,00:06:13:12,00:00:03:42,Student 1,English,"It was 24. Oh, it was 25.",,,a,yes,1,28.57,0,0,0,0,0,0,28.57,0,0,0,0,0,0,0,0,28.57,0,0
59,00:06:13:14,00:06:15:03,00:00:01:49,Student 2,English,"[Student 3], what was you way of doing it?",,,a,yes,1,33.33,11.11,0,0,11.11,0,0,22.22,0,0,0,0,0,0,0,0,11.11,0,0
60,00:06:16:24,00:06:20:04,00:00:03:40,Student 3,English,"Just 8 times 8, so you get the area.",,,a,yes,1,11.11,11.11,0,0,11.11,0,0,0,0,0,0,0,0,0,0,11.11,0,0,0
61,00:06:20:38,00:06:20:56,00:00:00:18,Student 1,English,I was closest.,,,a,yes,1,33.33,33.33,33.33,0,0,0,0,0,0,0,0,0,0,0,0,0,33.33,0,0
62,00:06:20:58,00:06:22:42,00:00:01:44,Student 2,English,8 times 8.,,,a,yes,1,0,0,0,0,0,0,0,0,0,0,0,0,0,0,0,33.33,0,0,0
63,00:06:34:55,00:06:38:45,00:00:03:50,Student 3,English,"You just did 8 times Pi, right? Okay.",,,a,yes,1,12.5,12.5,0,0,12.5,0,0,0,0,0,0,0,0,0,0,12.5,12.5,0,0
64,00:06:38:47,00:06:39:14,00:00:00:27,Student 1,English,Yeah.,,,a,yes,1,0,0,0,0,0,0,0,0,0,0,0,0,0,0,0,0,0,0,0
65,00:06:39:16,00:06:39:52,00:00:00:36,Student 2,English,Yeah.,,,a,yes,1,0,0,0,0,0,0,0,0,0,0,0,0,0,0,0,0,0,0,0
66,00:06:40:08,00:06:41:48,00:00:01:40,Student 1,English,Eight times pi. Eight times [crosstalk],,,a,yes,1,0,0,0,0,0,0,0,0,0,0,0,0,0,0,0,33.33,0,0,0
67,00:06:41:50,00:06:44:18,00:00:02:28,Student 2,English,"[Student 3], this looks like [unintelligible]'s recorder.",,,a,yes,1,12.5,0,0,0,0,0,0,12.5,0,0,0,0,0,0,0,0,0,12.5,0
68,00:06:44:20,00:06:46:17,00:00:01:57,Student 3,English,"Yeah, it does actually.",,,a,yes,1,25,0,0,0,0,0,0,25,25,0,0,0,0,25,0,0,0,25,0
69,00:06:46:58,00:06:48:17,00:00:01:19,Student 2,English,Better not to figure it out. Remember?,,,a,yes,1,0,0,0,0,0,0,0,0,71.43,57.14,0,0,0,0,14.29,0,14.29,0,0
70,00:06:48:19,00:06:52:23,00:00:04:04,Student 1,English,"I won't, I know. Not knowing the number, my...",,,a,yes,1,33.33,33.33,33.33,0,0,0,0,0,33.33,22.22,0,0,0,0,11.11,0,0,0,11.11
71,00:06:52:25,00:06:53:15,00:00:00:50,Student 2,English,"Yeah, I know.",,,a,yes,1,33.33,33.33,33.33,0,0,0,0,0,33.33,33.33,0,0,0,0,0,0,0,0,0
72,00:06:53:17,00:06:54:37,00:00:01:20,Student 3,English,This also counts the time.,,,a,yes,1,20,0,0,0,0,0,0,20,0,0,0,0,0,0,0,20,0,20,0
73,00:06:54:39,00:06:55:36,00:00:00:57,Student 1,English,Pumpkin pie.,,,a,yes,1,0,0,0,0,0,0,0,0,0,0,0,0,0,0,0,0,0,0,0
74,00:06:56:14,00:07:03:08,00:00:06:50,Student 2,English,"That's cool. Pi times Pi, equals Pi. No, it doesn't.",,,a,yes,1,20,0,0,0,0,0,0,20,10,0,0,0,0,0,10,10,0,20,0
75,00:07:04:14,00:07:06:07,00:00:01:53,Student 3,English,Pi times Pi equals...,,,a,yes,1,0,0,0,0,0,0,0,0,25,0,0,0,0,0,25,25,0,0,0
76,00:07:06:09,00:07:08:23,00:00:02:14,Student 2,English,9.869604 [crosstalk],,,a,yes,1,0,0,0,0,0,0,0,0,0,0,0,0,0,0,0,0,0,0,0
77,00:07:08:25,00:07:10:30,00:00:02:05,Student 1,English,Pi times Pi equals two Pis.,,,a,yes,1,0,0,0,0,0,0,0,0,16.67,0,0,0,0,0,16.67,16.67,0,0,0
78,00:07:11:09,00:07:16:19,00:00:05:10,Student 3,English,"It's just Pi times 3, infinitely again.",,,a,yes,1,14.29,0,0,0,0,0,0,14.29,0,0,0,0,0,0,0,28.57,0,14.29,0
79,00:07:16:21,00:07:17:37,00:00:01:16,Student 2,English,Times Pi.,,,a,yes,1,0,0,0,0,0,0,0,0,0,0,0,0,0,0,0,50,0,0,0
80,00:07:17:39,00:07:21:38,00:00:03:59,Student 3,English,"So, it goes for an infinite number if you times Pi by Pi.",,,a,yes,1,15.38,7.69,0,0,7.69,0,0,7.69,7.69,0,0,0,7.69,0,7.69,7.69,0,7.69,0
81,00:07:23:57,00:07:27:07,00:00:03:10,Student 1,English,Pi is such a funny name. Pi.,,,a,yes,1,0,0,0,0,0,0,0,0,0,0,0,0,0,0,0,0,0,14.29,0
82,00:07:27:41,00:07:31:30,00:00:03:49,Student 2,English,"Point... Pi equals... Hey guys, look.",,,a,yes,1,0,0,0,0,0,0,0,0,16.67,0,0,0,0,0,16.67,0,0,0,0
83,00:07:31:32,00:07:33:02,00:00:01:30,Student 3,English,Math is sweet as Pi.,,,a,yes,1,0,0,0,0,0,0,0,0,0,0,0,0,0,0,0,0,0,20,0
84,00:07:33:04,00:07:34:01,00:00:00:57,Student 2,English,"No, it's not.",,,a,yes,1,33.33,0,0,0,0,0,0,33.33,33.33,0,0,0,0,0,33.33,0,0,33.33,0
85,00:07:34:03,00:07:35:20,00:00:01:17,Student 3,English,[unintelligible],,,a,yes,1,0,0,0,0,0,0,0,0,0,0,0,0,0,0,0,0,0,0,0
86,00:07:35:22,00:07:39:55,00:00:04:33,Student 2,English,"Pi, times Pi, times Pi, times Pi, times Pi.",,,a,yes,1,0,0,0,0,0,0,0,0,0,0,0,0,0,0,0,44.44,0,0,0
87,00:07:39:57,00:07:41:48,00:00:01:51,Student 3,English,"Okay, okay, we're getting... [Student 2].",,,a,yes,1,16.67,16.67,0,16.67,0,0,0,0,0,0,0,0,0,0,0,0,0,16.67,0
88,00:07:41:50,00:07:46:37,00:00:04:47,Student 2,English,"Times Pi, times Pi, times Pi, times Pi, times",,,a,yes,1,0,0,0,0,0,0,0,0,0,0,0,0,0,0,0,55.56,0,0,0
89,00:07:46:39,00:07:50:36,00:00:03:57,Student 3,English,"Student 2, we're getting sidetracked, let's... we're getting sidetracked.",,,a,yes,1,33.33,33.33,0,33.33,0,0,0,0,0,0,0,0,0,0,0,0,0,33.33,0
90,00:07:50:38,00:07:52:52,00:00:02:14,Student 2,English,"Pi point [crosstalk], but we did our stuff.",,,a,yes,1,37.5,25,0,25,0,0,0,12.5,12.5,0,0,0,0,0,12.5,0,12.5,0,0
91,00:07:52:54,00:07:57:25,00:00:04:31,Student 1,English,"Oh, what. That's a lot of Pi's. But you get to eat them?",,,a,yes,1,30.77,15.38,0,0,7.69,0,7.69,15.38,7.69,0,0,0,0,0,7.69,0,0,7.69,0
92,00:07:57:27,00:07:58:25,00:00:00:58,Student 2,English,Pi.,,,a,yes,1,0,0,0,0,0,0,0,0,0,0,0,0,0,0,0,0,0,0,0
93,00:07:58:27,00:07:59:24,00:00:00:57,Teacher,English,"Alright, give me a big thumbs-up if you have your estimate.",,,a,,1,27.27,27.27,9.09,0,18.18,0,0,0,18.18,0,0,0,18.18,0,9.09,0,0,9.09,0
94,00:07:59:26,00:08:03:00,00:00:03:30,Student 3,English,I don't think you can eat an infinite number of pies.,,,a,,1,18.18,18.18,9.09,0,9.09,0,0,0,18.18,9.09,0,9.09,0,0,0,0,0,18.18,0
95,00:08:03:02,00:08:03:42,00:00:00:40,Student 1,English,"Alright, shh.",,,a,,1,0,0,0,0,0,0,0,0,0,0,0,0,0,0,0,0,0,0,0
96,00:08:06:57,00:08:08:23,00:00:01:26,Teacher,English,"Okay, great.",,,a,,1,0,0,0,0,0,0,0,0,0,0,0,0,0,0,0,0,0,0,0
97,00:00:00:01,00:00:03:43,00:00:03:42,Teacher,English,Now let's make sense of what else is happening.,,,a,,1,22.22,11.11,0,11.11,0,0,0,11.11,33.33,11.11,11.11,0,0,0,11.11,11.11,0,33.33,0
98,00:00:17:33,00:00:24:59,00:00:07:26,Teacher,English,"Why don't y'all--  What do you notice and what do you wonder here, with this animation.",,,a,,1,29.41,11.76,0,0,11.76,0,0,17.65,17.65,11.76,5.88,0,5.88,0,0,0,0,5.88,0
99,00:00:25:03,00:00:26:02,00:00:00:59,Student 1,English,Oh.,,,a,,1,0,0,0,0,0,0,0,0,0,0,0,0,0,0,0,0,0,0,0
100,00:00:26:02,00:00:31:24,00:00:05:22,Teacher,English,"So we know three radius squares has something todo with it.
Talk with your team.",,,a,,1,26.67,13.33,0,6.67,6.67,0,0,13.33,13.33,6.67,0,0,6.67,0,0,0,0,6.67,0
101,00:00:31:24,00:00:38:08,00:00:06:44,Student 2,English,I noticed they took the extra parts and then locked off and just shoved it inside in an organized way to create like--,,,a,,1,13.04,8.7,4.35,0,0,0,4.35,4.35,13.04,8.7,0,0,0,0,4.35,4.35,17.39,4.35,0
102,00:00:38:08,00:00:55:10,00:00:17:02,Student 1,English,"So I think if you draw like three squares, kind of in the circle area-- How do I explain that? And then you cut off the excess around the circle and put that in the missing place of the circle, you'll get the...",,,a,,1,16.28,11.63,4.65,0,6.98,0,0,4.65,13.95,6.98,2.33,0,6.98,0,2.33,2.33,0,0,2.33
103,00:00:55:56,00:00:58:43,00:00:02:47,Student 2,English,"But it doesn't evenly fit, though.",,,a,,1,16.67,0,0,0,0,0,0,16.67,33.33,0,0,0,0,0,33.33,0,0,16.67,0
104,00:00:58:44,00:00:59:07,00:00:00:23,Student 3,English,Yeah.,,,a,,1,0,0,0,0,0,0,0,0,0,0,0,0,0,0,0,0,0,0,0
105,00:00:59:07,00:01:02:40,00:00:03:29,Student 1,English,"Yeah, but I think it's implying that that's....",,,a,,1,50,12.5,12.5,0,0,0,0,37.5,37.5,25,0,0,0,0,12.5,0,0,25,0
106,00:01:03:12,00:01:04:29,00:00:01:17,Student 2,English,Like trying to fit?,,,a,,1,0,0,0,0,0,0,0,0,25,0,0,25,0,0,0,0,0,0,0
107,00:01:04:29,00:01:05:39,00:00:01:10,Student 3,English,Like it fits.,,,a,,1,33.33,0,0,0,0,0,0,33.33,0,0,0,0,0,0,0,0,0,0,0
108,00:01:05:39,00:01:08:03,00:00:02:24,Student 2,English,"Yeah, but you have to find, like, the most perfect squares.",,,a,,1,9.09,9.09,0,0,9.09,0,0,0,27.27,9.09,0,0,0,9.09,9.09,0,0,0,18.18
109,00:01:08:05,00:01:26:46,00:00:18:41,Teacher,English,"I'm gonna call for two things we noticed, two thing we are left wondering... [crosstalk]
Yeah, you can just wonder, that's fine.
[Other Student 1], what's something that was discussed at your table? What's something either you noticed or you wonder about this demonstration?",,,a,,1,36.36,15.91,2.27,4.55,9.09,0,0,20.45,25,11.36,0,2.27,13.64,0,6.82,0,9.09,13.64,2.27
110,00:01:39:42,00:01:47:37,00:00:07:55,Teacher,English,"What do you see, [Other Student 1]? What did you guys witness?
[Student A5], do you wanna share? go for it.",,,a,,1,28.57,14.29,0,0,14.29,0,0,14.29,9.52,0,0,4.76,0,0,4.76,0,4.76,0,4.76
111,00:01:48:09,00:01:52:49,00:00:04:40,Student 1,English,I noticed... I wondered why we left [unintelligible].,,,a,,1,37.5,37.5,25,12.5,0,0,0,0,37.5,25,12.5,0,12.5,0,0,0,25,0,0
112,00:01:53:08,00:01:55:21,00:00:02:13,Teacher,English,"Okay, great. Go ahead, [Student A4].",,,a,,1,0,0,0,0,0,0,0,0,0,0,0,0,0,0,0,16.67,0,0,16.67
113,00:01:55:53,00:02:06:27,00:00:10:30,Student 2,English,"[unintelligible] moving it, but it's still the same [unintelligible].",,,a,,1,22.22,0,0,0,0,0,0,22.22,22.22,0,0,0,0,0,22.22,0,0,11.11,0
114,00:02:06:27,00:02:20:41,00:00:14:14,Teacher,English,"Excellent. So you're saying that we move these little pieces, but [Student A5] is noticing there's still some tiny gaps. What else do we notice or wonder? [unintelligible]?",,,a,,1,21.43,10.71,0,7.14,3.57,0,0,10.71,21.43,10.71,0,0,7.14,0,10.71,0,0,10.71,0
115,00:02:20:41,00:02:27:08,00:00:06:27,Student 3,English,"Well, I just feel like it'd be really hard to do that without [unintelligible].",,,a,,1,21.43,7.14,7.14,0,0,0,0,14.29,21.43,7.14,0,0,0,7.14,7.14,0,7.14,7.14,0
116,00:02:29:23,00:02:34:55,00:00:05:32,Teacher,English,"But I mean, they all fit in there, don't they? I mean, are there still gaps?",,,a,,1,25,25,12.5,0,0,0,12.5,0,18.75,12.5,0,0,0,0,6.25,0,0,12.5,0
117,00:02:35:32,00:02:36:31,00:00:00:59,Student 2,English,Yes.,,,a,,1,0,0,0,0,0,0,0,0,0,0,0,0,0,0,0,0,0,0,0
118,00:02:36:35,00:02:49:10,00:00:12:35,Teacher,English,Okay. Let's get back to something we already know about circles. What's a special number you guys know about circles?,,,a,,1,25,15,0,10,5,0,0,10,15,10,0,0,5,0,0,5,5,10,0
119,00:02:49:19,00:02:50:24,00:00:01:05,Student 3,English,3.14?,,,a,,1,0,0,0,0,0,0,0,0,0,0,0,0,0,0,0,0,0,0,0
120,00:02:50:41,00:02:57:49,00:00:07:08,Teacher,English,"[Student 15], do you know that special number about circles? [crosstalk] Yeah, looking at you!",,,a,,1,20,13.33,0,0,13.33,0,0,6.67,6.67,6.67,0,0,0,0,0,0,0,0,0
121,00:02:58:07,00:03:00:40,00:00:02:29,Student 4,English,[unintelligible] I wonder a lot of [unintelligible].,,,a,,1,14.29,14.29,14.29,0,0,0,0,0,14.29,14.29,0,0,14.29,0,0,0,0,0,0
122,00:03:01:21,00:03:02:45,00:00:01:24,Teacher,English,What do you wonder about that?,,,a,,1,50,16.67,0,0,16.67,0,0,33.33,16.67,16.67,0,0,16.67,0,0,0,0,0,0
123,00:03:03:03,00:03:05:03,00:00:02:00,Student 4,English,Why they get that. How they get that.,,,a,,1,50,25,0,0,0,0,25,25,25,12.5,25,0,0,0,0,0,0,0,0
124,00:03:05:26,00:03:23:28,00:00:18:02,Teacher,English,"How they got that? Cool. Good idea.
So, what's a special number we know about circles? We've been talking about it for about a week now. Say it, [Other Student 2].
Hi, could you guys tell your neighbors? What we know about Pi and how we use it?",,,a,,1,27.08,14.58,0,8.33,4.17,0,2.08,12.5,16.67,10.42,6.25,2.08,0,0,2.08,4.17,4.17,4.17,0
125,00:03:24:03,00:03:25:59,00:00:01:56,Student 2,English,Pi we just kind of take the...,,,a,,1,14.29,14.29,0,14.29,0,0,0,0,28.57,0,0,0,28.57,0,0,0,0,0,0
126,00:03:26:23,00:03:29:23,00:00:03:00,Student 1,English,"[unintelligible] three, but not the number.  [crosstalk] All right, go on.",,,a,,1,0,0,0,0,0,0,0,0,18.18,0,0,0,0,0,18.18,0,0,0,0
127,00:03:29:30,00:03:37:28,00:00:07:58,Student 2,English,"The first three digits.
3.14, we should just take that, multiply a number by it, and that's how we think of Pi.",,,a,,1,22.73,9.09,0,9.09,0,0,0,13.64,13.64,9.09,4.55,4.55,0,0,0,0,0,4.55,0
128,00:03:37:28,00:03:38:17,00:00:00:49,Student 1,English,Yeah.,,,a,,1,0,0,0,0,0,0,0,0,0,0,0,0,0,0,0,0,0,0,0
129,00:03:38:20,00:03:51:24,00:00:13:04,Student 2,English,"And, the equation, like, we always take the tenths and the hundredths place, along with the whole numbers.  Also, blueberry pie with whipped cream is the best.",,,a,,1,3.7,3.7,0,3.7,0,0,0,0,0,0,0,0,0,0,0,3.7,3.7,3.7,0
130,00:03:52:06,00:03:54:57,00:00:02:51,Teacher,English,"Two, one...",,,a,,1,0,0,0,0,0,0,0,0,0,0,0,0,0,0,0,0,0,0,0
131,00:03:55:41,00:03:56:37,00:00:00:56,Student 3,English,"So, I kind of...",,,a,,1,25,25,25,0,0,0,0,0,50,0,0,0,50,0,0,0,0,0,0
132,00:03:56:37,00:04:38:57,00:00:42:16,Teacher,English,"Zero... [Student], what do we know about the number three as it relates to circles?
So we know the special relationship with circumference, but guess what. There's also a special relationship with circles. So let's go into the second part of activity 1. Where is that?
So where did the word radius square come from? go ahead and answer question number two...",,,a,,1,11.29,4.84,0,4.84,0,0,0,6.45,12.9,9.68,0,0,3.23,0,3.23,1.61,1.61,4.84,1.61
133,00:04:39:12,00:04:41:29,00:00:02:17,Student 1,English,"Oh, I could've looked at that!",,,a,,1,33.33,16.67,16.67,0,0,0,0,16.67,16.67,0,0,16.67,0,0,0,0,33.33,0,0
134,00:04:41:32,00:04:42:49,00:00:01:17,Teacher,English,...silently to yourself.,,,a,,1,33.33,33.33,0,0,33.33,0,0,0,0,0,0,0,0,0,0,0,0,0,0
135,00:04:43:08,00:04:44:03,00:00:00:55,Student 1,English,[crosstalk] Radius.,,,a,,1,0,0,0,0,0,0,0,0,0,0,0,0,0,0,0,0,0,0,0
136,00:04:44:03,00:04:52:15,00:00:08:12,Teacher,English,"I have some unfinished questions here. Go ahead, question number 2. Why do we think we call this a radius square?",,,b,,1,19.05,14.29,4.76,9.52,0,0,0,4.76,19.05,14.29,4.76,0,9.52,0,0,4.76,0,0,4.76
137,00:04:56:02,00:04:57:31,00:00:01:29,Student 2,English,Because...,,,b,,1,0,0,0,0,0,0,0,0,100,0,100,0,0,0,0,0,0,0,0
138,00:05:38:18,00:05:40:18,00:00:02:00,Student 1,English,ASMR.,,,b,,1,0,0,0,0,0,0,0,0,0,0,0,0,0,0,0,0,0,0,0
139,00:05:41:36,00:05:49:05,00:00:07:29,Teacher,English,"All right, just about everybody has finished question number 2, let's read question number 3 together please. Um...",,,b,,1,11.11,5.56,0,5.56,0,0,0,5.56,11.11,11.11,0,0,11.11,0,0,5.56,0,11.11,0
140,00:05:50:04,00:06:03:53,00:00:13:45,Student 3,English,"With the circle, when a radius square has an area of 16 square units. So how many of these radius squares do you think it would take to cover just the circles? Well, if it's 16 per [unintelligible] square, we should do...",,,b,,1,11.9,4.76,0,2.38,2.38,0,0,7.14,11.9,4.76,2.38,4.76,2.38,0,2.38,2.38,0,4.76,0
141,00:06:03:53,00:06:05:16,00:00:01:23,Student 2,English,"Four squared, sixteen.",,,b,,1,0,0,0,0,0,0,0,0,0,0,0,0,0,0,0,0,0,0,0
142,00:06:05:16,00:06:06:21,00:00:01:05,Student 3,English,"Exactly, which would be...",,,b,,1,25,0,0,0,0,0,0,25,75,0,0,25,0,25,25,0,0,0,0
143,00:06:06:21,00:06:32:06,00:00:25:45,Teacher,English,"All right, you are going to, now, read this with your team. So one person from each team is going to read it again. And you are going to decide how you think... Like how many of these radius squares you think would cover the circle. So I want you to think back to the animation you just saw. So go ahead and start by reading it, and then saying, ""I think...""",,,b,,1,18.06,12.5,2.78,0,9.72,0,0,5.56,13.89,11.11,2.78,2.78,0,0,0,6.94,4.17,5.56,9.72
144,00:06:32:06,00:06:52:51,00:00:20:45,Student 3,English,"How... I know like four squares would take that, but like... How many of those, how many square units, not...
And even though you could take four for each side, how many square units? So I think we should just do 16 times 4 to get the answer. [unintelligible]
Don't you think we should do 16 times 4 to get that answer?",,,b,yes,1,14.52,9.68,3.23,3.23,3.23,0,0,4.84,25.81,14.52,6.45,6.45,0,0,4.84,3.23,0,1.61,0
145,00:06:52:53,00:06:54:22,00:00:01:29,Student 1,English,"No, 16 times 3.",,,b,yes,1,0,0,0,0,0,0,0,0,0,0,0,0,0,0,0,25,0,0,0
146,00:06:55:14,00:06:56:14,00:00:01:00,Student 2,English,Really? Why?,,,b,yes,1,0,0,0,0,0,0,0,0,100,0,50,0,0,50,0,0,0,0,0
147,00:06:56:41,00:06:57:42,00:00:01:01,Student 1,English,I'm not tripping.,,,b,yes,1,33.33,33.33,33.33,0,0,0,0,0,33.33,0,0,0,0,0,33.33,0,0,33.33,0
148,00:06:57:59,00:06:58:39,00:00:00:40,Student 3,English,"Oh, cause...",,,b,yes,1,0,0,0,0,0,0,0,0,50,0,50,0,0,0,0,0,0,0,0
149,00:06:58:39,00:07:00:05,00:00:01:22,Student 1,English,"Wait, are you guys on the other one?",,,b,yes,1,12.5,12.5,0,0,12.5,0,0,0,12.5,0,0,0,0,0,12.5,12.5,0,12.5,0
150,00:07:00:05,00:07:04:39,00:00:04:34,Student 3,English,"Yeah, we're on 2. No. This one right here.",,,b,yes,1,22.22,11.11,0,11.11,0,0,0,11.11,0,0,0,0,0,0,0,0,0,11.11,0
151,00:07:06:05,00:07:06:45,00:00:00:40,Student 1,English,"Oh, yeah.",,,b,yes,1,0,0,0,0,0,0,0,0,0,0,0,0,0,0,0,0,0,0,0
152,00:07:07:15,00:07:07:36,00:00:00:21,Student 3,English,Yeah.,,,b,yes,1,0,0,0,0,0,0,0,0,0,0,0,0,0,0,0,0,0,0,0
153,00:07:08:00,00:07:08:42,00:00:00:42,Student 1,English,Two.,,,b,yes,1,0,0,0,0,0,0,0,0,0,0,0,0,0,0,0,0,0,0,0
154,00:07:09:05,00:07:09:57,00:00:00:52,Student 2,English,"Good, [Student 1].",,,b,yes,1,0,0,0,0,0,0,0,0,0,0,0,0,0,0,0,0,0,0,0
155,00:07:09:57,00:07:13:36,00:00:03:39,Student 1,English,But the animation showed only 3 squares. And then...,,,b,yes,1,0,0,0,0,0,0,0,0,11.11,0,0,0,0,0,11.11,11.11,11.11,0,0
156,00:07:13:36,00:07:24:21,00:00:10:45,Student 2,English,"Because it could mean that 3 would be only necessary, but 4 to get a perfect circle, we could just lop off the excess and get rid of it somehow.",,,b,yes,1,13.33,3.33,0,3.33,0,0,0,10,26.67,3.33,3.33,10,3.33,3.33,3.33,0,0,0,0
157,00:07:24:53,00:07:32:27,00:00:07:34,Student 1,English,"No, but I think... there wouldn't be any...
I don't know, I think...",,,b,yes,1,23.08,23.08,23.08,0,0,0,0,0,46.15,23.08,0,7.69,7.69,0,7.69,0,0,7.69,0
158,00:07:32:27,00:07:33:13,00:00:00:46,Student 3,English,"It says only, like...",,,b,yes,1,25,0,0,0,0,0,0,25,0,0,0,0,0,0,0,0,0,25,0
159,00:07:33:13,00:07:33:54,00:00:00:41,Student 1,English,I think it's 3.,,,b,yes,1,50,25,25,0,0,0,0,25,25,25,0,0,0,0,0,0,0,25,0
160,00:07:33:54,00:07:41:29,00:00:07:35,Student 2,English,"I mean, there wouldn't be any excess if there was 3, but you can't perfectly fill the circle unless there's 4.",,,b,yes,1,9.52,9.52,4.76,0,4.76,0,0,0,38.1,4.76,0,9.52,9.52,4.76,19.05,0,4.76,9.52,0
161,00:07:41:31,00:07:42:00,00:00:00:29,Student 3,English,Yeah.,,,b,yes,1,0,0,0,0,0,0,0,0,0,0,0,0,0,0,0,0,0,0,0
162,00:07:42:00,00:07:53:29,00:00:11:29,Student 2,English,"And then you could have some excess to do whatever you want with it.
Because if the only goal here is to fill the circle, 4 is necessary.",,,b,yes,1,14.29,7.14,0,0,7.14,0,0,7.14,14.29,0,3.57,7.14,3.57,0,3.57,3.57,0,7.14,0
163,00:07:53:30,00:07:54:05,00:00:00:35,Student 3,English,Yeah.,,,b,yes,1,0,0,0,0,0,0,0,0,0,0,0,0,0,0,0,0,0,0,0
164,00:07:54:26,00:07:59:14,00:00:04:48,Student 2,English,"If you aren't caring about what the excess is, it's 4.",,,b,yes,1,27.27,9.09,0,0,9.09,0,0,18.18,18.18,0,0,0,9.09,0,18.18,0,0,27.27,0
165,00:08:00:07,00:08:02:07,00:00:02:00,Student 3,English,"Cause only 3 would be, like...",,,b,yes,1,0,0,0,0,0,0,0,0,33.33,0,16.67,16.67,0,0,0,0,0,0,0
166,00:08:02:29,00:08:03:43,00:00:01:14,Student 2,English,Like a very...,,,b,yes,1,0,0,0,0,0,0,0,0,0,0,0,0,0,0,0,0,0,0,0
167,00:08:03:43,00:08:05:08,00:00:01:25,Student 3,English,Three fourths of it.,,,b,yes,1,25,0,0,0,0,0,0,25,0,0,0,0,0,0,0,0,0,0,0
168,00:08:05:17,00:08:05:36,00:00:00:19,Student 2,English,Yeah.,,,b,yes,1,0,0,0,0,0,0,0,0,0,0,0,0,0,0,0,0,0,0,0
169,00:08:05:36,00:08:15:45,00:00:10:09,Student 3,English,"It could, like... maybe to, like...  it could be like a little bit left still to probably also have to make up for that. The answer's... Is my clock still going?",,,b,yes,1,12.9,3.23,3.23,0,0,0,0,9.68,19.35,3.23,3.23,6.45,6.45,0,0,3.23,0,3.23,9.68
170,00:08:15:47,00:08:22:03,00:00:06:16,Student 2,English,"I mean, if we don't care about the excess 4, is correct. Three is still just gaps.",,,b,yes,1,11.76,11.76,5.88,5.88,0,0,0,0,17.65,5.88,0,0,5.88,0,11.76,0,0,11.76,0
171,00:08:22:04,00:08:24:04,00:00:02:00,Teacher,English,So somewhere between 3 and 4.,,,b,,1,0,0,0,0,0,0,0,0,16.67,0,0,0,16.67,0,0,0,0,0,0
172,00:08:24:23,00:08:25:07,00:00:00:44,Student 3,English,3 and a half?,,,b,,1,0,0,0,0,0,0,0,0,0,0,0,0,0,0,0,0,0,0,0
173,00:08:25:50,00:08:26:50,00:00:01:00,Teacher,English,"Not three and a half, no.",,,b,,1,0,0,0,0,0,0,0,0,16.67,0,0,0,0,0,16.67,0,0,0,0
174,00:08:26:50,00:08:27:43,00:00:00:53,Teacher,English,What was our special number?,,,b,,1,40,20,0,20,0,0,0,20,0,0,0,0,0,0,0,0,20,0,0
175,00:08:27:45,00:08:28:56,00:00:01:11,Student 3,English,It was 4...,,,b,yes,1,33.33,0,0,0,0,0,0,33.33,0,0,0,0,0,0,0,0,33.33,0,0
176,00:08:28:58,00:08:31:25,00:00:02:27,Student 2,English,3.14?,,,b,yes,1,0,0,0,0,0,0,0,0,0,0,0,0,0,0,0,0,0,0,0
177,00:08:31:40,00:08:32:39,00:00:00:59,Student 3,English,3.14?,,,b,yes,1,0,0,0,0,0,0,0,0,0,0,0,0,0,0,0,0,0,0,0
178,00:08:35:48,00:08:36:52,00:00:01:04,Student 1,English,3.14.,,,b,yes,1,0,0,0,0,0,0,0,0,0,0,0,0,0,0,0,0,0,0,0
179,00:08:36:52,00:08:48:10,00:00:11:18,Student 3,English,"So 16 times 3.14. Should we do that and just try to find like... Because it's not saying, like, how many squares need to be filled up. It's how many squares units need to fill up.",,,b,yes,1,11.11,2.78,0,2.78,0,0,0,8.33,25,8.33,8.33,11.11,0,0,2.78,2.78,0,5.56,0
180,00:08:48:10,00:08:51:05,00:00:02:55,Student 1,English,So it's 16... What's 16 times pi?,,,b,yes,1,28.57,0,0,0,0,0,0,28.57,0,0,0,0,0,0,0,14.29,0,28.57,0
181,00:08:51:34,00:08:55:27,00:00:03:53,Student 3,English,"Yeah. Or six... We could just do that with that, but it takes a little bit longer.",,,b,yes,1,23.53,5.88,0,5.88,0,0,0,17.65,17.65,0,0,5.88,5.88,0,11.76,0,0,5.88,0
182,00:08:55:35,00:08:56:07,00:00:00:32,Student 2,English,Okay.,,,b,yes,1,0,0,0,0,0,0,0,0,0,0,0,0,0,0,0,0,0,0,0
183,00:08:56:07,00:08:57:42,00:00:01:35,Student 3,English,"Just give us the answer, [Student 2].",,,b,yes,1,14.29,14.29,0,14.29,0,0,0,0,14.29,14.29,0,0,0,0,0,0,0,14.29,0
184,00:08:58:03,00:08:59:19,00:00:01:16,Student 2,English,16...,,,b,yes,1,0,0,0,0,0,0,0,0,0,0,0,0,0,0,0,0,0,0,0
185,00:08:59:33,00:09:06:30,00:00:06:53,Student 1,English,"So if you're trying to find the area of the circle you get the radius square's area first, and then you multiply that by pi.",,,b,yes,1,16,12,0,0,12,0,0,4,12,4,0,4,4,0,4,4,0,4,0
186,00:09:06:30,00:09:07:56,00:00:01:26,Student 2,English,50.26.,,,b,yes,1,0,0,0,0,0,0,0,0,0,0,0,0,0,0,0,0,0,0,0
187,00:09:08:09,00:09:11:11,00:00:03:02,Student 3,English,Let's do 50.26 since we're always doing the ...,,,b,yes,1,25,25,0,25,0,0,0,0,12.5,0,12.5,0,0,0,0,25,0,25,0
188,00:09:11:14,00:09:12:30,00:00:01:16,Student 1,English,50 point...,,,b,yes,1,0,0,0,0,0,0,0,0,0,0,0,0,0,0,0,0,0,0,0
189,00:09:12:30,00:09:14:30,00:00:02:00,Student 2,English,50 point 26.,,,b,yes,1,0,0,0,0,0,0,0,0,0,0,0,0,0,0,0,0,0,0,0
190,00:09:14:35,00:09:15:49,00:00:01:14,Student 1,English,2 6.,,,b,yes,1,0,0,0,0,0,0,0,0,0,0,0,0,0,0,0,0,0,0,0
191,00:09:15:49,00:09:17:04,00:00:01:15,Student 3,English,Square units.,,,b,yes,1,0,0,0,0,0,0,0,0,0,0,0,0,0,0,0,0,0,0,0
192,00:09:23:10,00:09:24:39,00:00:01:29,Student 2,English,"now, time for Pi.",,,b,yes,1,0,0,0,0,0,0,0,0,0,0,0,0,0,0,0,50,0,25,0
193,00:09:24:39,00:09:26:39,00:00:02:00,Student 3,English,[unintelligible] just gonna be with...,,,b,yes,1,0,0,0,0,0,0,0,0,0,0,0,0,0,0,0,0,0,0,20
194,00:09:27:33,00:09:29:47,00:00:02:14,Teacher,English,All right. Waterfall.,,,b,,1,0,0,0,0,0,0,0,0,0,0,0,0,0,0,0,0,0,0,0
195,00:09:30:01,00:09:30:57,00:00:00:56,Student 2,English,I have no idea...,,,b,,1,25,25,25,0,0,0,0,0,50,0,0,0,50,0,0,0,0,0,0
196,00:09:30:57,00:09:32:57,00:00:02:00,Student 3,English,If [unintelligible]'s gonna be with us...,,,b,,1,14.29,14.29,0,14.29,0,0,0,0,14.29,0,0,0,14.29,0,14.29,0,0,0,14.29
197,00:09:33:01,00:09:36:07,00:00:03:06,Teacher,English,About how many radius squares...,,,b,,1,0,0,0,0,0,0,0,0,20,20,20,0,0,0,0,0,0,0,0
198,00:09:36:07,00:09:37:45,00:00:01:38,Student 3,English,"No, like, just this class.",,,b,,1,20,0,0,0,0,0,0,20,0,0,0,0,0,0,0,0,0,0,0
199,00:09:38:04,00:09:39:00,00:00:00:56,Teacher,English,"Oh, I'm waiting.",,,b,,1,33.33,33.33,33.33,0,0,0,0,0,0,0,0,0,0,0,0,33.33,0,33.33,0
200,00:09:39:16,00:09:40:33,00:00:01:17,Student 3,English,Just us.,,,b,,1,50,50,0,50,0,0,0,0,0,0,0,0,0,0,0,0,0,0,0
201,00:09:40:40,00:09:54:52,00:00:14:12,Teacher,English,"About how many radius squares can...
Your team figured it out, but I don't know if everybody else did, so we wanna hear from you, okay?
About how many radius squares would fit in that circle? [Student 1]?",,,b,,1,15.79,10.53,2.63,2.63,5.26,0,0,5.26,31.58,15.79,5.26,7.89,2.63,0,7.89,0,2.63,5.26,2.63
202,00:09:55:24,00:09:57:44,00:00:02:20,Student 1,English,3.14 radius squares.,,,b,,1,0,0,0,0,0,0,0,0,0,0,0,0,0,0,0,0,0,0,0
203,00:09:57:44,00:10:05:30,00:00:07:46,Teacher,English,"So, we're talking about now multiplying the radius square by what number?",,,b,,1,16.67,8.33,0,8.33,0,0,0,8.33,0,0,0,0,0,0,0,8.33,0,16.67,0
204,00:10:06:07,00:10:06:39,00:00:00:32,Student 2,English,Pi?,,,b,,1,0,0,0,0,0,0,0,0,0,0,0,0,0,0,0,0,0,0,0
205,00:10:06:39,00:10:07:25,00:00:00:46,Student 1,English,Pi.,,,b,,1,0,0,0,0,0,0,0,0,0,0,0,0,0,0,0,0,0,0,0
206,00:10:07:50,00:10:21:08,00:00:13:18,Teacher,English,By Pi. So we could see 3 is way too little. 4 is what? Way too much. So at your table you guys have some scissors. Were gonna skip around a little bit.,,,c,,1,12.12,9.09,0,3.03,6.06,0,0,3.03,3.03,0,0,3.03,0,0,0,0,3.03,6.06,3.03
207,00:10:21:08,00:10:22:29,00:00:01:21,Student 3,English,The video is right there.,,,c,,1,0,0,0,0,0,0,0,0,0,0,0,0,0,0,0,0,0,20,0
208,00:10:22:47,00:10:50:43,00:00:27:56,Teacher,English,"And you have some circles... And your job is going to be to actually see how much of the radius square fits in here.
So can I have you guys do B, you guys do C. B, A. You guys do... what do you have?",,,c,,1,17.78,15.56,2.22,0,13.33,0,0,2.22,6.67,2.22,2.22,2.22,0,2.22,0,0,0,4.44,4.44
209,00:10:50:47,00:10:51:44,00:00:00:57,Student 3,English,Which one are we doing?,,,c,,1,40,20,0,20,0,0,0,20,20,0,0,0,0,0,20,0,0,20,0
210,00:10:52:59,00:10:54:01,00:00:01:02,Teacher,English,"And [Student 1], you guys do...",,,c,,1,16.67,16.67,0,0,16.67,0,0,0,0,0,0,0,0,0,0,0,0,0,0
211,00:10:54:01,00:10:56:01,00:00:02:00,Student 1,English,"Oh, there's that paper right there.",,,c,,1,16.67,0,0,0,0,0,0,16.67,0,0,0,0,0,0,0,0,0,16.67,0
212,00:10:57:53,00:11:04:46,00:00:06:49,Teacher,English,"A. All right, plot out out the radius squares and make it actually fit in your circle.",,,c,,1,11.76,5.88,0,0,5.88,0,0,5.88,11.76,0,5.88,0,0,5.88,0,0,0,0,0
213,00:11:07:35,00:11:10:17,00:00:02:42,Student 1,English,"Oh, I get it.",,,c,,1,50,25,25,0,0,0,0,25,0,0,0,0,0,0,0,0,0,0,0
214,00:11:11:04,00:11:12:01,00:00:00:57,Student 2,English,What do you get?,,,c,,1,50,25,0,0,25,0,0,25,0,0,0,0,0,0,0,0,0,0,0
215,00:11:12:30,00:11:15:09,00:00:02:39,Student 1,English,"Because I get the assignment, because I'm [unintelligible].",,,c,,1,25,25,25,0,0,0,0,0,25,0,25,0,0,0,0,0,0,12.5,0
216,00:11:15:09,00:11:16:01,00:00:00:52,Student 3,English,You sure?,,,c,,1,50,50,0,0,50,0,0,0,0,0,0,0,0,0,0,0,0,0,0
217,00:11:17:45,00:11:19:44,00:00:01:59,Student 3,English,"You sure you understand it, [Student 1]?",,,c,,1,42.86,28.57,0,0,28.57,0,0,14.29,14.29,14.29,0,0,0,0,0,0,0,0,0
218,00:11:20:19,00:11:21:13,00:00:00:54,Student 3,English,[Student 1].,,,c,,1,0,0,0,0,0,0,0,0,0,0,0,0,0,0,0,0,0,0,0
219,00:11:23:18,00:11:27:45,00:00:04:27,Teacher,English,So do what the animation did. Do what the actual animation did.,,,c,,1,16.67,0,0,0,0,0,0,16.67,0,0,0,0,0,0,0,0,16.67,0,0
220,00:11:27:45,00:11:31:54,00:00:04:09,Student 1,English,So we only cut out 3? I believe.,,,c,yes,1,25,25,12.5,12.5,0,0,0,0,12.5,12.5,0,0,0,0,0,0,0,0,0
221,00:11:32:53,00:11:34:40,00:00:01:47,Student 3,English,3.14 to be exact.,,,c,yes,1,0,0,0,0,0,0,0,0,0,0,0,0,0,0,0,0,0,0,0
222,00:11:37:36,00:11:43:07,00:00:05:31,Student 1,English,"Okay, you need... 3.1... How are we gonna exactly get...  3.14.",,,c,yes,1,18.18,18.18,0,9.09,9.09,0,0,0,27.27,9.09,9.09,9.09,0,9.09,0,0,0,9.09,9.09
223,00:11:43:56,00:11:47:21,00:00:03:25,Student 3,English,"Well, we could just do .14 of the square...",,,c,yes,1,11.11,11.11,0,11.11,0,0,0,0,11.11,0,0,11.11,0,0,0,0,0,0,0
224,00:11:51:36,00:11:52:43,00:00:01:07,Student 1,English,We're doing circle A.,,,c,yes,1,25,25,0,25,0,0,0,0,0,0,0,0,0,0,0,0,0,25,0
225,00:11:52:43,00:12:01:02,00:00:08:15,Student 3,English,"Couldn't we just, like, do, like, 1 point... We can just do point 1 4 of the one square. And get 3.14.",,,c,yes,1,9.09,9.09,0,9.09,0,0,0,0,9.09,0,0,9.09,0,0,0,0,0,4.55,0
226,00:12:02:15,00:12:02:44,00:00:00:29,Student 2,English,What?,,,c,yes,1,100,0,0,0,0,0,0,100,0,0,0,0,0,0,0,0,0,0,0
227,00:12:04:27,00:12:05:24,00:00:00:57,Student 3,English,Or three point fourteen.,,,c,yes,1,0,0,0,0,0,0,0,0,25,0,0,0,25,0,25,0,0,0,0
228,00:12:08:02,00:12:08:49,00:00:00:47,Student 1,English,Actually...,,,c,yes,1,0,0,0,0,0,0,0,0,100,0,0,0,0,100,0,0,0,0,0
229,00:12:08:49,00:12:09:48,00:00:00:59,Student 3,English,ASMR.,,,c,yes,1,0,0,0,0,0,0,0,0,0,0,0,0,0,0,0,0,0,0,0
230,00:12:13:58,00:12:14:12,00:00:00:14,Student 1,English,Okay.,,,c,yes,1,0,0,0,0,0,0,0,0,0,0,0,0,0,0,0,0,0,0,0
231,00:12:14:12,00:12:16:12,00:00:02:00,Student 2,English,"We did that on advisory, Student 3.",,,c,yes,1,28.57,14.29,0,14.29,0,0,0,14.29,0,0,0,0,0,0,0,0,14.29,0,0
232,00:12:16:17,00:12:17:49,00:00:01:32,Student 3,English,"I know. Wait, what?",,,c,yes,1,50,25,25,0,0,0,0,25,25,25,0,0,0,0,0,25,0,0,0
233,00:12:18:47,00:12:19:23,00:00:00:36,Student 2,English,"Me, [unintelligible]...",,,c,yes,1,50,50,50,0,0,0,0,0,0,0,0,0,0,0,0,0,0,0,0
234,00:12:19:23,00:12:27:00,00:00:07:37,Student 1,English,"Are you gonna buy an entire, just, set of microphones, just to whisper ASMR.",,,c,yes,1,7.14,7.14,0,0,7.14,0,0,0,0,0,0,0,0,0,0,0,0,7.14,7.14
235,00:12:27:28,00:12:28:06,00:00:00:38,Student 3,English,"Oh, my god.",,,c,yes,1,33.33,33.33,33.33,0,0,0,0,0,0,0,0,0,0,0,0,0,0,0,0
236,00:12:28:06,00:12:30:50,00:00:02:44,Student 2,English,"I mean, we did that to [unintelligible]'s recorder in advisory.",,,c,yes,1,27.27,18.18,9.09,9.09,0,0,0,9.09,9.09,9.09,0,0,0,0,0,0,9.09,0,0
237,00:12:31:03,00:12:35:09,00:00:04:06,Student 3,English,"Wait, what? You did that to [unintelligible]'s recorder in advisory?",,,c,yes,1,27.27,9.09,0,0,9.09,0,0,18.18,0,0,0,0,0,0,0,9.09,9.09,0,0
238,00:12:35:18,00:12:35:50,00:00:00:32,Student 2,English,Yeah.,,,c,yes,1,0,0,0,0,0,0,0,0,0,0,0,0,0,0,0,0,0,0,0
239,00:12:35:50,00:12:38:01,00:00:02:11,Student 3,English,You screamed into his...,,,c,yes,1,50,50,0,0,25,25,0,0,0,0,0,0,0,0,0,0,0,0,0
240,00:12:38:01,00:12:40:46,00:00:02:45,Student 2,English,No. We whispered into it as silently as possible..,,,c,yes,1,22.22,11.11,0,11.11,0,0,0,11.11,11.11,0,0,0,11.11,0,0,0,0,0,0
241,00:12:40:46,00:12:43:15,00:00:02:29,Student 3,English,"Hold up. [Student 1], scream into the recorder.",,,c,yes,1,0,0,0,0,0,0,0,0,0,0,0,0,0,0,0,0,0,0,0
242,00:12:43:15,00:12:43:28,00:00:00:13,Student 1,English,No!,,,c,yes,1,0,0,0,0,0,0,0,0,0,0,0,0,0,0,0,0,0,0,0
243,00:12:43:28,00:12:44:21,00:00:00:53,Student 3,English,Scream into your recorder.,,,c,yes,1,25,25,0,0,25,0,0,0,0,0,0,0,0,0,0,0,0,0,0
244,00:12:44:21,00:12:46:33,00:00:02:12,Student 1,English,I'm not gonna do that. It's gonna break.,,,c,yes,1,37.5,12.5,12.5,0,0,0,0,25,12.5,0,0,0,0,0,12.5,0,0,25,25
245,00:12:46:33,00:12:47:14,00:00:00:41,Student 3,English,I know.,,,c,yes,1,50,50,50,0,0,0,0,0,50,50,0,0,0,0,0,0,0,0,0
246,00:12:47:14,00:12:48:24,00:00:01:10,Student 1,English,And I'm gonna owe money.,,,c,yes,1,20,20,20,0,0,0,0,0,0,0,0,0,0,0,0,0,0,20,20
247,00:12:49:34,00:12:50:29,00:00:00:55,Student 3,English,How's our...,,,c,yes,1,50,50,0,50,0,0,0,0,50,50,50,0,0,0,0,0,0,50,0
248,00:12:51:39,00:12:52:32,00:00:00:53,Student 2,English,What does that mean?,,,c,yes,1,50,0,0,0,0,0,0,50,25,25,0,0,0,0,0,0,0,25,0
249,00:12:53:13,00:12:55:13,00:00:02:00,Student 1,English,"I don't know, awesome sauce, am I right?",,,c,yes,1,25,25,25,0,0,0,0,0,12.5,12.5,0,0,0,0,0,0,0,25,0
250,00:12:55:21,00:13:02:21,00:00:06:56,Student 3,English,"Awesome sauce... [unintelligible] fu-- I mean, fudge.",,,c,yes,1,28.57,28.57,14.29,0,14.29,0,0,0,14.29,14.29,0,0,0,0,0,0,0,0,0
251,00:13:03:12,00:13:05:27,00:00:02:15,Student 1,English,"Yeah. True. Ooh, I got special scissors.",,,c,yes,1,14.29,14.29,14.29,0,0,0,0,0,14.29,0,0,0,0,0,0,0,0,0,0
252,00:13:05:27,00:13:07:09,00:00:01:42,,,[crosstalk],,,c,,1,0,0,0,0,0,0,0,0,0,0,0,0,0,0,0,0,0,0,0
253,00:13:07:09,00:13:08:36,00:00:01:27,Student 3,English,Because I'm special.,,,c,,1,33.33,33.33,33.33,0,0,0,0,0,33.33,0,33.33,0,0,0,0,0,0,33.33,0
254,00:13:09:15,00:13:11:10,00:00:01:55,,,[crosstalk],,,c,,1,0,0,0,0,0,0,0,0,0,0,0,0,0,0,0,0,0,0,0
255,00:13:11:10,00:13:13:12,00:00:02:02,Student 1,English,These are my goofy scissors.,,,c,yes,1,40,20,20,0,0,0,0,20,0,0,0,0,0,0,0,0,0,20,0
256,00:13:13:12,00:13:16:21,00:00:03:09,Student 2,English,I think we're gonna need more than...,,,c,yes,1,28.57,28.57,14.29,14.29,0,0,0,0,42.86,14.29,0,14.29,0,0,14.29,0,0,14.29,14.29
257,00:13:16:40,00:13:18:01,00:00:01:21,Student 3,English,3.14 squares?,,,c,yes,1,0,0,0,0,0,0,0,0,0,0,0,0,0,0,0,0,0,0,0
258,00:13:18:12,00:13:20:42,00:00:02:30,Student 2,English,"Let's see, so... Yeah, well...",,,c,yes,1,20,20,0,20,0,0,0,0,0,0,0,0,0,0,0,0,0,20,0
259,00:13:20:52,00:13:27:22,00:00:06:30,Student 3,English,Where are we supposed to put these squares either way? Are we supposed to cut out these squares and do nothing with that?,,,c,yes,1,21.74,8.7,0,8.7,0,0,0,13.04,21.74,0,0,17.39,0,0,4.35,0,0,8.7,17.39
260,00:13:27:59,00:13:31:04,00:00:03:05,Student 1,English,"So these scissors aren't sharp, and how do they cut?",,,c,yes,1,20,10,0,0,0,0,10,10,20,10,10,0,0,0,10,0,0,10,0
261,00:13:33:15,00:13:34:34,00:00:01:19,Student 2,English,How do you know they're not sharp?,,,c,yes,1,28.57,28.57,0,0,14.29,0,14.29,0,42.86,28.57,14.29,0,0,0,14.29,0,0,14.29,0
262,00:13:34:34,00:13:37:44,00:00:03:10,Student 1,English,"Because do you see this blade? Like, that's not sharp.",,,c,yes,1,30,10,0,0,10,0,0,20,20,0,10,0,0,0,10,0,0,10,0
263,00:13:37:44,00:13:42:05,00:00:04:21,Student 3,English,"What is this, [Student 2]? [Student 2]...",,,c,yes,1,28.57,0,0,0,0,0,0,28.57,0,0,0,0,0,0,0,0,0,14.29,0
264,00:13:42:05,00:13:45:59,00:00:03:54,Student 2,English,[Student 1]... They're supposed to cut like this. Let me show you.,,,c,yes,1,33.33,25,8.33,0,8.33,0,8.33,8.33,16.67,0,0,16.67,0,0,0,0,0,8.33,16.67
265,00:13:46:01,00:13:47:54,00:00:01:53,Student 3,English,[Student 2] [unintelligible]. What is this?,,,c,yes,1,33.33,0,0,0,0,0,0,33.33,0,0,0,0,0,0,0,0,0,16.67,0
266,00:13:47:59,00:13:48:18,00:00:00:19,Student 2,English,That's...,,,c,yes,1,100,0,0,0,0,0,0,100,0,0,0,0,0,0,0,0,0,100,0
267,00:13:48:18,00:13:50:18,00:00:02:00,Student 1,English,I think I get it. I think it's pressure.,,,c,yes,1,55.56,33.33,33.33,0,0,0,0,22.22,22.22,22.22,0,0,0,0,0,0,0,11.11,0
268,00:13:51:28,00:13:58:40,00:00:07:12,Student 2,English,"Wait, let me show you.  And then see. Fancy design.",,,c,yes,1,20,20,10,0,10,0,0,0,0,0,0,0,0,0,0,20,0,0,0
269,00:13:58:47,00:14:01:52,00:00:03:01,Student 1,English,I know. That's why these are special scissors.,,,c,yes,1,37.5,12.5,12.5,0,0,0,0,25,25,12.5,12.5,0,0,0,0,0,0,25,0
270,00:14:02:25,00:14:03:20,00:00:00:55,Student 3,English,Okay.,,,c,yes,1,0,0,0,0,0,0,0,0,0,0,0,0,0,0,0,0,0,0,0
271,00:14:06:48,00:14:13:22,00:00:06:34,Student 2,English,"Okay guys, how are we gonna figure out... How are we gonna cut out like a little excess?",,,c,yes,1,11.11,11.11,0,11.11,0,0,0,0,22.22,22.22,11.11,0,0,0,0,0,0,11.11,11.11
272,00:14:14:36,00:14:16:36,00:00:02:00,Student 1,English,"Yeah, that's what I'm worried about.",,,c,yes,1,50,16.67,16.67,0,0,0,0,33.33,16.67,0,0,0,0,0,0,0,0,33.33,0
273,00:14:16:38,00:14:20:44,00:00:04:06,Student 3,English,"For some reason, I feel like first periods are really short, like...",,,c,yes,1,8.33,8.33,8.33,0,0,0,0,0,25,16.67,8.33,0,0,8.33,0,8.33,0,16.67,0
274,00:14:21:03,00:14:23:03,00:00:02:00,Student 1,English,I beg to differ.,,,c,yes,1,25,25,25,0,0,0,0,0,25,0,0,0,0,0,25,0,0,0,0
275,00:14:23:28,00:14:24:35,00:00:01:07,Student 2,English,"Yeah, me too.",,,c,yes,1,33.33,33.33,33.33,0,0,0,0,0,0,0,0,0,0,0,0,0,0,0,0
276,00:14:24:36,00:14:26:06,00:00:01:30,Student 3,English,"First period, nine...",,,c,yes,1,0,0,0,0,0,0,0,0,0,0,0,0,0,0,0,33.33,0,0,0
277,00:14:26:32,00:14:31:29,00:00:04:57,Student 2,English,"Let's cut through the stuff that we know already, is excess, like this.",,,c,yes,1,38.46,15.38,0,15.38,0,0,0,23.08,7.69,7.69,0,0,0,0,0,7.69,7.69,15.38,0
278,00:14:31:43,00:14:33:19,00:00:01:36,Student 1,English,And we gotta keep the excess.,,,c,yes,1,16.67,16.67,0,16.67,0,0,0,0,0,0,0,0,0,0,0,0,0,0,16.67
279,00:14:33:21,00:14:36:54,00:00:03:33,Student 2,English,Snippy snippety snippety snippety.,,,c,yes,1,0,0,0,0,0,0,0,0,0,0,0,0,0,0,0,0,0,0,0
280,00:14:38:36,00:14:57:41,00:00:19:05,Teacher,English,"You guys have the radius square, and you're trying to figure out how much it takes up in the circle, how many of those squares are we gonna use? 3.14, right? So, you won't be able to...",,,c,,1,16.22,10.81,0,2.7,8.11,0,0,5.41,16.22,10.81,8.11,2.7,0,0,0,0,0,8.11,5.41
281,00:14:57:41,00:14:58:02,00:00:00:21,Student 3,English,What are you doing?,,,c,,1,50,25,0,0,25,0,0,25,0,0,0,0,0,0,0,0,0,25,0
282,00:14:58:04,00:14:59:22,00:00:01:18,Teacher,English,The best you can do is estimate.,,,c,,1,14.29,14.29,0,0,14.29,0,0,0,28.57,0,0,14.29,14.29,0,0,0,0,28.57,0
283,00:14:59:24,00:15:00:31,00:00:01:03,Student 2,English,Cutting out the excess.,,,c,,1,0,0,0,0,0,0,0,0,0,0,0,0,0,0,0,0,0,0,0
284,00:15:00:31,00:15:06:30,00:00:05:59,Teacher,English,Okay? so try to get it fit into the circle. And this part of the activity might not work.,,,c,,1,10.53,0,0,0,0,0,0,10.53,21.05,0,0,5.26,5.26,0,10.53,0,0,0,5.26
285,00:15:06:30,00:15:07:38,00:00:01:08,Student 2,English,Are you freaking out?,,,c,yes,1,25,25,0,0,25,0,0,0,0,0,0,0,0,0,0,0,0,25,0
286,00:15:08:13,00:15:09:31,00:00:01:18,Student 3,English,"You know, sometimes I wonder...",,,c,yes,1,40,40,20,0,20,0,0,0,60,40,0,0,40,0,0,20,0,0,0
287,00:15:10:08,00:15:13:46,00:00:03:38,Student 1,English,"Wait. Where's the cal... Can you pass me the calculator, please?",,,c,yes,1,18.18,18.18,9.09,0,9.09,0,0,0,9.09,0,0,9.09,0,0,0,9.09,0,18.18,0
288,00:15:13:46,00:15:14:19,00:00:00:33,Student 2,English,Yup.,,,c,yes,1,0,0,0,0,0,0,0,0,0,0,0,0,0,0,0,0,0,0,0
289,00:15:14:41,00:15:17:17,00:00:02:36,Student 1,English,"Wait, so this is what Pi looks like.",,,c,yes,1,25,0,0,0,0,0,0,25,0,0,0,0,0,0,0,12.5,0,25,0
290,00:15:18:17,00:15:20:45,00:00:02:28,Student 2,English,What if there was a Pi-shaped pie?,,,c,yes,1,14.29,0,0,0,0,0,0,14.29,14.29,0,0,0,14.29,0,14.29,0,14.29,0,0
291,00:15:21:36,00:15:22:39,00:00:01:03,Student 1,English,That would be yummy.,,,c,yes,1,25,0,0,0,0,0,0,25,25,0,0,25,0,0,0,0,0,0,0
292,00:15:24:20,00:15:27:16,00:00:02:56,Student 2,English,A blueberry Pi-shaped pie.,,,c,yes,1,0,0,0,0,0,0,0,0,0,0,0,0,0,0,0,0,0,0,0
293,00:15:29:54,00:15:31:29,00:00:01:35,Student 1,English,"So if this is what Pi looks like, right?",,,c,yes,1,22.22,0,0,0,0,0,0,22.22,11.11,0,0,0,11.11,0,11.11,0,0,22.22,0
294,00:15:31:35,00:15:31:55,00:00:00:20,Student 2,English,Yeah.,,,c,yes,1,0,0,0,0,0,0,0,0,0,0,0,0,0,0,0,0,0,0,0
295,00:15:31:55,00:15:34:49,00:00:02:54,Student 1,English,Pi is actually meant to be a face. Just wait.,,,c,yes,1,0,0,0,0,0,0,0,0,20,10,0,0,0,10,0,10,10,10,0
296,00:15:34:49,00:15:59:55,00:00:25:06,Student 3,English,"What do you mean? Pi is three  Oh, yeah. I went to a tour at [unintelligible] the other day, and I saw this thing with Pi, and it was like the first five hundred numbers of Pi. And I'm like, ""Why is there the first five hundred numbers of Pi on the wall?'",,,c,yes,1,15.09,7.55,5.66,0,1.89,0,0,7.55,5.66,1.89,1.89,0,0,0,1.89,1.89,5.66,5.66,0
297,00:16:01:55,00:16:02:58,00:00:01:03,Student 2,English,Did you ask anybody?,,,c,yes,1,50,25,0,0,25,0,0,25,25,0,0,0,25,0,0,0,25,0,0
298,00:16:03:18,00:16:10:50,00:00:07:32,Student 3,English,"No, I just looked at it, and there just Pi there with a bunch of numbers.",,,c,yes,1,12.5,6.25,6.25,0,0,0,0,6.25,0,0,0,0,0,0,0,0,6.25,0,0
299,00:16:10:50,00:16:11:54,00:00:01:04,Student 2,English,It was just a mural.,,,c,yes,1,20,0,0,0,0,0,0,20,0,0,0,0,0,0,0,0,20,0,0
300,00:16:11:54,00:16:15:14,00:00:03:20,Student 3,English,"It started with 3.14, 5, 6, 7, 2, 9...",,,c,yes,1,11.11,0,0,0,0,0,0,11.11,0,0,0,0,0,0,0,11.11,11.11,0,0
301,00:16:15:14,00:16:16:34,00:00:01:20,Student 2,English,It was just a mural.,,,c,yes,1,20,0,0,0,0,0,0,20,0,0,0,0,0,0,0,0,20,0,0
302,00:16:16:34,00:16:17:54,00:00:01:20,Student 3,English,"Yeah, I forget the rest of them.",,,c,yes,1,28.57,28.57,14.29,0,0,0,14.29,0,42.86,0,0,0,0,0,14.29,0,0,14.29,0
303,00:16:19:06,00:16:20:42,00:00:01:36,Student 2,English,"Okay, guys, I'm starting to do this right.",,,c,yes,1,25,12.5,12.5,0,0,0,0,12.5,0,0,0,0,0,0,0,12.5,0,12.5,0
304,00:16:20:44,00:16:21:29,00:00:00:45,Student 3,English,All right.,,,c,yes,1,0,0,0,0,0,0,0,0,0,0,0,0,0,0,0,0,0,0,0
305,00:16:27:28,00:16:29:45,00:00:02:17,Student 2,English,Are you doing a Pi-shaped face?,,,c,yes,1,16.67,16.67,0,0,16.67,0,0,0,0,0,0,0,0,0,0,0,0,16.67,0
306,00:16:29:45,00:16:31:05,00:00:01:20,Student 1,English,Yeah. You see? Look at it.,,,c,yes,1,33.33,16.67,0,0,16.67,0,0,16.67,0,0,0,0,0,0,0,0,0,0,0
307,00:16:31:44,00:16:33:11,00:00:01:27,Student 3,English,"All right, my special scissors now.",,,c,yes,1,16.67,16.67,16.67,0,0,0,0,0,0,0,0,0,0,0,0,16.67,0,16.67,0
308,00:16:34:56,00:16:36:42,00:00:01:46,Student 2,English,"""My special scissors.""",,,c,yes,1,33.33,33.33,33.33,0,0,0,0,0,0,0,0,0,0,0,0,0,0,0,0
309,00:16:37:36,00:16:40:38,00:00:03:02,Student 1,English,So then you just snip snip. This is confusing.,,,c,yes,1,22.22,11.11,0,0,11.11,0,0,11.11,11.11,0,0,0,11.11,0,0,11.11,0,11.11,0
310,00:16:41:20,00:16:41:41,00:00:00:21,Student 3,English,Yeah.,,,c,yes,1,0,0,0,0,0,0,0,0,0,0,0,0,0,0,0,0,0,0,0
311,00:16:41:41,00:16:42:34,00:00:00:53,Student 2,English,It's actually very simple.,,,c,yes,1,25,0,0,0,0,0,0,25,25,0,0,0,0,25,0,0,0,25,0
312,00:16:43:27,00:16:44:33,00:00:01:06,Student 3,English,[Student 2]'s doing all the work.,,,c,yes,1,0,0,0,0,0,0,0,0,0,0,0,0,0,0,0,0,0,0,0
313,00:16:45:36,00:16:48:21,00:00:02:45,Student 1,English,"Yeah. No, this is just because he's cutting scissors.",,,c,yes,1,22.22,11.11,0,0,0,11.11,0,11.11,11.11,0,11.11,0,0,0,0,0,0,22.22,0
314,00:16:48:24,00:16:49:10,00:00:00:46,Student 3,English,"Oh, Yeah.",,,c,yes,1,0,0,0,0,0,0,0,0,0,0,0,0,0,0,0,0,0,0,0
315,00:16:49:32,00:16:55:59,00:00:06:27,Student 2,English,"Okay, so we have the excess. I put you right there.",,,c,yes,1,27.27,27.27,9.09,9.09,9.09,0,0,0,0,0,0,0,0,0,0,0,0,0,0
316,00:16:56:15,00:16:57:30,00:00:01:15,Student 3,English,"No, I'm not lifting my...",,,c,yes,1,40,40,40,0,0,0,0,0,20,0,0,0,0,0,20,0,0,20,0
317,00:16:57:30,00:17:00:23,00:00:02:49,Student 1,English,"I think if we cut out the fourth one, we can like...",,,c,yes,1,25,25,8.33,16.67,0,0,0,0,25,8.33,0,8.33,8.33,0,8.33,0,0,8.33,0
318,00:17:01:04,00:17:03:44,00:00:02:40,Student 2,English,"Yeah, but first we wanna see what we can do with this.",,,c,yes,1,33.33,16.67,0,16.67,0,0,0,16.67,25,0,0,16.67,0,0,8.33,0,0,8.33,8.33
